{"cameraMode":{"drawMode":0,"name":"Shaded","section":"Shading Mode"},"sceneLighting":true,"audioPlay":false,"sceneViewState":{"m_AlwaysRefresh":false,"showFog":true,"showSkybox":true,"showFlares":true,"showImageEffects":true,"showParticleSystems":true,"showVisualEffectGraphs":true,"m_FxEnabled":true},"in2DMode":false,"pivot":{"x":723.2996826171875,"y":324.2226257324219,"z":5.607259273529053},"rotation":{"x":-0.028806081041693689,"y":0.0005970262573100627,"z":-0.000016667594536556862,"w":-0.9995924234390259},"size":295.066650390625,"orthographic":true}